server,payload_size,avg_rtt,max_rtt,min_rtt,std_rtt
1.1.1.1,10,31.0,33.0,30.0,1.224744871391589
1.1.1.1,20,36.0,52.0,25.0,9.705024471890836
1.1.1.1,30,30.0,35.0,25.0,3.6996621467371855
1.1.1.1,40,25.0,28.0,20.0,3.2015621187164243
1.1.1.1,50,24.0,27.0,22.0,1.7853571071357126
1.1.1.1,60,25.0,28.0,22.0,3.0
1.1.1.1,70,27.0,36.0,22.0,5.356071321407137
1.1.1.1,80,27.0,34.0,23.0,4.205650960315181
1.1.1.1,90,29.0,39.0,23.0,6.224949798994366
1.1.1.1,100,25.0,27.0,24.0,1.224744871391589
1.1.1.1,110,27.0,33.0,24.0,3.5
1.1.1.1,120,30.0,40.0,24.0,6.363961030678928
1.1.1.1,130,32.0,35.0,29.0,2.277608394786075
1.1.1.1,140,32.0,38.0,24.0,5.477225575051661
1.1.1.1,150,26.0,33.0,24.0,3.6314597615834874
1.1.1.1,160,24.0,26.0,22.0,1.5811388300841898
1.1.1.1,170,28.0,38.0,22.0,6.179603547154137
1.1.1.1,180,24.0,25.0,23.0,0.82915619758885
1.1.1.1,190,23.0,26.0,22.0,1.7320508075688772
1.1.1.1,200,25.0,27.0,23.0,1.4142135623730951
1.1.1.1,210,24.0,25.0,24.0,0.4330127018922193
1.1.1.1,220,23.0,24.0,23.0,0.4330127018922193
1.1.1.1,230,26.0,35.0,22.0,5.123475382979799
1.1.1.1,240,29.0,34.0,25.0,3.391164991562634
1.1.1.1,250,25.0,28.0,22.0,2.384848003542364
1.1.1.1,260,25.0,27.0,23.0,1.479019945774904
1.1.1.1,270,24.0,27.0,22.0,1.8027756377319946
1.1.1.1,280,31.0,35.0,26.0,3.344772040064913
1.1.1.1,290,26.0,35.0,22.0,5.11737237261468
1.1.1.1,300,25.0,27.0,24.0,1.0897247358851685
1.1.1.1,310,24.0,28.0,23.0,1.920286436967152
1.1.1.1,320,26.0,30.0,23.0,2.48746859276655
1.1.1.1,330,25.0,27.0,24.0,1.299038105676658
1.1.1.1,340,25.0,27.0,23.0,1.5811388300841898
1.1.1.1,350,24.0,29.0,23.0,2.48746859276655
1.1.1.1,360,25.0,27.0,24.0,1.224744871391589
1.1.1.1,370,25.0,28.0,23.0,1.8708286933869707
1.1.1.1,380,27.0,30.0,24.0,2.23606797749979
1.1.1.1,390,26.0,29.0,24.0,2.277608394786075
1.1.1.1,400,25.0,28.0,24.0,1.5
1.1.1.1,410,24.0,27.0,23.0,1.6393596310755
1.1.1.1,420,24.0,26.0,23.0,1.0897247358851685
1.1.1.1,430,23.0,25.0,21.0,1.479019945774904
1.1.1.1,440,23.0,24.0,22.0,0.8660254037844386
1.1.1.1,450,28.0,33.0,24.0,4.5
1.1.1.1,460,24.0,25.0,23.0,0.82915619758885
1.1.1.1,470,24.0,27.0,21.0,2.48746859276655
1.1.1.1,480,24.0,25.0,24.0,0.4330127018922193
1.1.1.1,490,26.0,33.0,23.0,4.06201920231798
1.1.1.1,500,27.0,35.0,23.0,4.5
1.1.1.1,510,24.0,26.0,22.0,1.7853571071357126
1.1.1.1,520,24.0,27.0,23.0,1.6583123951777
1.1.1.1,530,24.0,27.0,23.0,1.6393596310755
1.1.1.1,540,24.0,26.0,23.0,1.118033988749895
1.1.1.1,550,25.0,27.0,24.0,1.0897247358851685
1.1.1.1,560,26.0,34.0,23.0,4.548351349665063
1.1.1.1,570,28.0,41.0,23.0,7.39509972887452
1.1.1.1,580,27.0,34.0,23.0,4.301162633521313
1.1.1.1,590,31.0,43.0,23.0,8.525696452489967
1.1.1.1,600,23.0,24.0,22.0,0.82915619758885
1.1.1.1,610,25.0,28.0,23.0,1.920286436967152
1.1.1.1,620,24.0,26.0,23.0,1.0897247358851685
1.1.1.1,630,27.0,35.0,22.0,4.815340071064556
1.1.1.1,640,26.0,33.0,22.0,4.602988159880492
1.1.1.1,650,26.0,36.0,23.0,5.629165124598851
1.1.1.1,660,23.0,24.0,22.0,0.8660254037844386
1.1.1.1,670,24.0,28.0,22.0,2.345207879911715
1.1.1.1,680,24.0,26.0,23.0,1.224744871391589
1.1.1.1,690,28.0,35.0,24.0,4.602988159880492
1.1.1.1,700,25.0,27.0,24.0,1.299038105676658
1.1.1.1,710,25.0,27.0,24.0,1.0897247358851685
1.1.1.1,720,26.0,31.0,24.0,2.8722813232690143
1.1.1.1,730,25.0,31.0,23.0,3.2015621187164243
1.1.1.1,740,23.0,25.0,23.0,0.82915619758885
1.1.1.1,750,34.0,40.0,22.0,7.176350047203662
1.1.1.1,760,28.0,37.0,23.0,6.015604707757983
1.1.1.1,770,23.0,25.0,23.0,0.82915619758885
1.1.1.1,780,24.0,26.0,23.0,1.118033988749895
1.1.1.1,790,30.0,37.0,23.0,6.519202405202649
1.1.1.1,800,24.0,27.0,23.0,1.6393596310755
1.1.1.1,810,32.0,47.0,24.0,9.202581159652981
1.1.1.1,820,30.0,34.0,25.0,3.6742346141747673
1.1.1.1,830,28.0,34.0,23.0,5.024937810560445
1.1.1.1,840,23.0,24.0,23.0,0.4330127018922193
1.1.1.1,850,28.0,32.0,24.0,4.0
1.1.1.1,860,23.0,25.0,23.0,0.82915619758885
1.1.1.1,870,29.0,37.0,22.0,6.796138609534093
1.1.1.1,880,27.0,38.0,23.0,6.363961030678928
1.1.1.1,890,26.0,36.0,23.0,5.356071321407137
1.1.1.1,900,26.0,36.0,22.0,5.545268253204709
1.1.1.1,910,28.0,34.0,24.0,4.380353866983808
1.1.1.1,920,26.0,34.0,21.0,4.847679857416329
1.1.1.1,930,27.0,38.0,23.0,6.363961030678928
1.1.1.1,940,23.0,25.0,20.0,1.8708286933869707
1.1.1.1,950,31.0,43.0,24.0,8.0156097709407
1.1.1.1,960,27.0,38.0,23.0,6.2599920127744575
1.1.1.1,970,26.0,34.0,23.0,4.493050188902857
1.1.1.1,980,38.0,42.0,32.0,4.14578098794425
1.1.1.1,990,42.0,48.0,34.0,5.261891294962297
1.1.1.1,1000,43.0,48.0,40.0,2.8722813232690143
1.1.1.1,1010,41.0,48.0,38.0,3.960744879438715
1.1.1.1,1020,43.0,50.0,37.0,5.0682837331783235
1.1.1.1,1030,39.0,45.0,29.0,6.299801584177076
1.1.1.1,1040,41.0,44.0,37.0,2.7726341266023544
1.1.1.1,1050,45.0,52.0,41.0,4.153311931459037
1.1.1.1,1060,41.0,51.0,35.0,6.020797289396148
1.1.1.1,1070,37.0,44.0,28.0,6.020797289396148
1.1.1.1,1080,39.0,43.0,33.0,4.242640687119285
1.1.1.1,1090,46.0,48.0,43.0,2.0615528128088303
1.1.1.1,1100,39.0,51.0,34.0,6.6473679001541655
1.1.1.1,1110,37.0,43.0,33.0,3.9370039370059056
1.1.1.1,1120,39.0,44.0,32.0,4.710360920354193
1.1.1.1,1130,41.0,46.0,38.0,3.418698582794336
1.1.1.1,1140,44.0,60.0,34.0,9.781998773256925
1.1.1.1,1150,40.0,43.0,31.0,5.196152422706632
1.1.1.1,1160,40.0,42.0,36.0,2.345207879911715
1.1.1.1,1170,36.0,43.0,31.0,4.322904116447646
1.1.1.1,1180,36.0,45.0,32.0,5.315072906367325
1.1.1.1,1190,42.0,49.0,35.0,4.968651728587948
1.1.1.1,1200,38.0,43.0,32.0,4.866980583482946
1.1.1.1,1210,39.0,43.0,33.0,4.14578098794425
1.1.1.1,1220,38.0,49.0,33.0,6.378675411086537
1.1.1.1,1230,34.0,38.0,32.0,2.277608394786075
1.1.1.1,1240,42.0,49.0,38.0,4.205650960315181
1.1.1.1,1250,41.0,46.0,35.0,4.031128874149275
1.1.1.1,1260,40.0,49.0,35.0,5.673402858955108
1.1.1.1,1270,43.0,48.0,32.0,6.609652033201143
1.1.1.1,1280,40.0,44.0,34.0,4.092676385936225
1.1.1.1,1290,40.0,47.0,34.0,4.815340071064556
1.1.1.1,1300,37.0,43.0,33.0,3.6314597615834874
1.1.1.1,1310,38.0,41.0,35.0,2.277608394786075
1.1.1.1,1320,39.0,44.0,35.0,4.031128874149275
1.1.1.1,1330,37.0,48.0,28.0,7.292976072907411
1.1.1.1,1340,42.0,48.0,38.0,3.766629793329841
1.1.1.1,1350,42.0,44.0,40.0,1.5
1.1.1.1,1360,39.0,47.0,30.0,6.219927652312364
1.1.1.1,1370,41.0,47.0,33.0,5.220153254455275
1.1.1.1,1380,43.0,46.0,41.0,1.920286436967152
1.1.1.1,1390,46.0,53.0,43.0,4.06201920231798
1.1.1.1,1400,39.0,44.0,33.0,4.301162633521313
1.1.1.1,1410,42.0,49.0,32.0,6.284902544988268
1.1.1.1,1420,40.0,43.0,35.0,3.344772040064913
1.1.1.1,1430,43.0,45.0,42.0,1.224744871391589
1.1.1.1,1440,39.0,48.0,34.0,5.2141634036535525
1.1.1.1,1450,38.0,42.0,35.0,2.8613807855648994
1.1.1.1,1460,40.0,46.0,30.0,6.224949798994366
1.1.1.1,1470,39.0,47.0,33.0,6.103277807866851
lon.speedtest.clouvider.net,10,57.0,65.0,51.0,5.018714974971183
lon.speedtest.clouvider.net,20,50.0,51.0,49.0,0.7071067811865476
lon.speedtest.clouvider.net,30,50.0,51.0,50.0,0.4330127018922193
lon.speedtest.clouvider.net,40,52.0,59.0,48.0,4.02336923485777
lon.speedtest.clouvider.net,50,52.0,59.0,49.0,3.960744879438715
lon.speedtest.clouvider.net,60,53.0,59.0,50.0,3.344772040064913
lon.speedtest.clouvider.net,70,51.0,61.0,48.0,5.5
lon.speedtest.clouvider.net,80,55.0,59.0,49.0,4.092676385936225
lon.speedtest.clouvider.net,90,49.0,50.0,48.0,0.7071067811865476
lon.speedtest.clouvider.net,100,61.0,80.0,50.0,11.715374513859981
lon.speedtest.clouvider.net,110,52.0,55.0,50.0,1.920286436967152
lon.speedtest.clouvider.net,120,53.0,57.0,49.0,2.9154759474226504
lon.speedtest.clouvider.net,130,51.0,56.0,49.0,2.7726341266023544
lon.speedtest.clouvider.net,140,55.0,61.0,50.0,4.6097722286464435
lon.speedtest.clouvider.net,150,52.0,57.0,49.0,2.8613807855648994
lon.speedtest.clouvider.net,160,54.0,63.0,49.0,5.385164807134504
lon.speedtest.clouvider.net,170,49.0,53.0,47.0,2.165063509461097
lon.speedtest.clouvider.net,180,54.0,59.0,50.0,3.2691742076555053
lon.speedtest.clouvider.net,190,52.0,57.0,49.0,3.418698582794336
lon.speedtest.clouvider.net,200,51.0,54.0,49.0,2.1213203435596424
lon.speedtest.clouvider.net,210,56.0,63.0,49.0,4.968651728587948
lon.speedtest.clouvider.net,220,50.0,53.0,48.0,2.277608394786075
lon.speedtest.clouvider.net,230,51.0,54.0,49.0,1.920286436967152
lon.speedtest.clouvider.net,240,53.0,62.0,49.0,5.244044240850758
lon.speedtest.clouvider.net,250,55.0,63.0,51.0,4.437059837324712
lon.speedtest.clouvider.net,260,50.0,53.0,50.0,1.299038105676658
lon.speedtest.clouvider.net,270,49.0,50.0,48.0,0.7071067811865476
lon.speedtest.clouvider.net,280,55.0,60.0,50.0,4.322904116447646
lon.speedtest.clouvider.net,290,56.0,63.0,50.0,6.5
lon.speedtest.clouvider.net,300,51.0,53.0,49.0,1.5811388300841898
lon.speedtest.clouvider.net,310,53.0,61.0,50.0,4.387482193696061
lon.speedtest.clouvider.net,320,49.0,50.0,49.0,0.5
lon.speedtest.clouvider.net,330,51.0,57.0,50.0,3.031088913245535
lon.speedtest.clouvider.net,340,51.0,53.0,50.0,1.0897247358851685
lon.speedtest.clouvider.net,350,49.0,51.0,49.0,0.82915619758885
lon.speedtest.clouvider.net,360,50.0,53.0,48.0,1.7853571071357126
lon.speedtest.clouvider.net,370,53.0,55.0,52.0,1.0897247358851685
lon.speedtest.clouvider.net,380,51.0,58.0,49.0,3.6996621467371855
lon.speedtest.clouvider.net,390,48.0,50.0,48.0,0.82915619758885
lon.speedtest.clouvider.net,400,50.0,51.0,49.0,0.7071067811865476
lon.speedtest.clouvider.net,410,49.0,51.0,48.0,1.5
lon.speedtest.clouvider.net,420,49.0,51.0,48.0,1.118033988749895
lon.speedtest.clouvider.net,430,52.0,53.0,51.0,0.7071067811865476
lon.speedtest.clouvider.net,440,51.0,53.0,50.0,1.0897247358851685
lon.speedtest.clouvider.net,450,51.0,53.0,49.0,1.7853571071357126
lon.speedtest.clouvider.net,460,50.0,51.0,49.0,0.82915619758885
lon.speedtest.clouvider.net,470,51.0,53.0,49.0,1.4142135623730951
lon.speedtest.clouvider.net,480,50.0,54.0,48.0,2.277608394786075
lon.speedtest.clouvider.net,490,49.0,50.0,48.0,0.82915619758885
lon.speedtest.clouvider.net,500,49.0,50.0,48.0,0.7071067811865476
lon.speedtest.clouvider.net,510,51.0,54.0,49.0,2.0615528128088303
lon.speedtest.clouvider.net,520,49.0,51.0,48.0,1.0897247358851685
lon.speedtest.clouvider.net,530,53.0,64.0,50.0,6.06217782649107
lon.speedtest.clouvider.net,540,52.0,65.0,47.0,7.262919523166975
lon.speedtest.clouvider.net,550,49.0,51.0,48.0,1.0897247358851685
lon.speedtest.clouvider.net,560,55.0,62.0,49.0,5.402545696243577
lon.speedtest.clouvider.net,570,55.0,62.0,48.0,6.519202405202649
lon.speedtest.clouvider.net,580,49.0,50.0,49.0,0.5
lon.speedtest.clouvider.net,590,55.0,63.0,48.0,6.378675411086537
lon.speedtest.clouvider.net,600,49.0,53.0,48.0,1.920286436967152
lon.speedtest.clouvider.net,610,49.0,51.0,48.0,1.118033988749895
lon.speedtest.clouvider.net,620,60.0,64.0,58.0,2.277608394786075
lon.speedtest.clouvider.net,630,58.0,70.0,50.0,7.874007874011811
lon.speedtest.clouvider.net,640,52.0,55.0,50.0,2.1213203435596424
lon.speedtest.clouvider.net,650,53.0,60.0,51.0,3.6996621467371855
lon.speedtest.clouvider.net,660,53.0,62.0,49.0,5.024937810560445
lon.speedtest.clouvider.net,670,49.0,50.0,49.0,0.4330127018922193
lon.speedtest.clouvider.net,680,53.0,59.0,49.0,3.6314597615834874
lon.speedtest.clouvider.net,690,52.0,53.0,51.0,1.0
lon.speedtest.clouvider.net,700,53.0,63.0,48.0,5.766281297335398
lon.speedtest.clouvider.net,710,57.0,73.0,49.0,9.883698700385398
lon.speedtest.clouvider.net,720,51.0,53.0,49.0,1.7853571071357126
lon.speedtest.clouvider.net,730,49.0,50.0,47.0,1.224744871391589
lon.speedtest.clouvider.net,740,50.0,51.0,49.0,1.0
lon.speedtest.clouvider.net,750,48.0,50.0,48.0,0.82915619758885
lon.speedtest.clouvider.net,760,53.0,65.0,48.0,6.869315832017043
lon.speedtest.clouvider.net,770,49.0,50.0,48.0,0.82915619758885
lon.speedtest.clouvider.net,780,58.0,63.0,51.0,4.55521678957215
lon.speedtest.clouvider.net,790,51.0,60.0,48.0,4.815340071064556
lon.speedtest.clouvider.net,800,50.0,52.0,49.0,1.0897247358851685
lon.speedtest.clouvider.net,810,52.0,59.0,50.0,3.6996621467371855
lon.speedtest.clouvider.net,820,50.0,54.0,49.0,2.0615528128088303
lon.speedtest.clouvider.net,830,52.0,60.0,47.0,4.949747468305833
lon.speedtest.clouvider.net,840,56.0,71.0,48.0,9.233092656309694
lon.speedtest.clouvider.net,850,50.0,53.0,49.0,1.479019945774904
lon.speedtest.clouvider.net,860,49.0,51.0,48.0,1.118033988749895
lon.speedtest.clouvider.net,870,50.0,54.0,46.0,2.8613807855648994
lon.speedtest.clouvider.net,880,47.0,49.0,47.0,0.82915619758885
lon.speedtest.clouvider.net,890,52.0,63.0,48.0,6.219927652312364
lon.speedtest.clouvider.net,900,54.0,64.0,47.0,7.22841614740048
lon.speedtest.clouvider.net,910,49.0,51.0,48.0,1.0897247358851685
lon.speedtest.clouvider.net,920,49.0,50.0,49.0,0.4330127018922193
lon.speedtest.clouvider.net,930,52.0,62.0,49.0,5.356071321407137
lon.speedtest.clouvider.net,940,54.0,59.0,49.0,4.763139720814412
lon.speedtest.clouvider.net,950,50.0,51.0,49.0,0.82915619758885
lon.speedtest.clouvider.net,960,50.0,53.0,49.0,1.479019945774904
lon.speedtest.clouvider.net,970,52.0,61.0,48.0,5.244044240850758
lon.speedtest.clouvider.net,980,60.0,66.0,53.0,5.2141634036535525
lon.speedtest.clouvider.net,990,69.0,74.0,62.0,4.763139720814412
lon.speedtest.clouvider.net,1000,69.0,77.0,60.0,7.22841614740048
lon.speedtest.clouvider.net,1010,64.0,70.0,51.0,7.725768570181222
lon.speedtest.clouvider.net,1020,67.0,73.0,63.0,3.766629793329841
lon.speedtest.clouvider.net,1030,70.0,75.0,65.0,3.960744879438715
lon.speedtest.clouvider.net,1040,67.0,69.0,65.0,1.5
lon.speedtest.clouvider.net,1050,67.0,76.0,60.0,6.689544080129826
lon.speedtest.clouvider.net,1060,69.0,76.0,63.0,5.402545696243577
lon.speedtest.clouvider.net,1070,61.0,71.0,49.0,8.042853971072706
lon.speedtest.clouvider.net,1080,64.0,78.0,52.0,9.669539802906858
lon.speedtest.clouvider.net,1090,68.0,79.0,52.0,10.012492197250394
lon.speedtest.clouvider.net,1100,64.0,70.0,58.0,4.9180788932265
lon.speedtest.clouvider.net,1110,61.0,69.0,50.0,7.0178344238090995
lon.speedtest.clouvider.net,1120,66.0,68.0,63.0,1.8708286933869707
lon.speedtest.clouvider.net,1130,64.0,73.0,57.0,6.06217782649107
lon.speedtest.clouvider.net,1140,63.0,67.0,60.0,2.5
lon.speedtest.clouvider.net,1150,62.0,69.0,56.0,5.80409338312195
lon.speedtest.clouvider.net,1160,60.0,69.0,50.0,6.800735254367722
lon.speedtest.clouvider.net,1170,67.0,79.0,50.0,10.559356040971437
lon.speedtest.clouvider.net,1180,59.0,74.0,49.0,11.031205736455105
lon.speedtest.clouvider.net,1190,65.0,70.0,62.0,3.570714214271425
lon.speedtest.clouvider.net,1200,66.0,72.0,62.0,3.5619517121937516
lon.speedtest.clouvider.net,1210,68.0,78.0,64.0,5.673402858955108
lon.speedtest.clouvider.net,1220,68.0,75.0,59.0,5.787918451395113
lon.speedtest.clouvider.net,1230,72.0,76.0,66.0,3.766629793329841
lon.speedtest.clouvider.net,1240,68.0,72.0,64.0,2.8613807855648994
lon.speedtest.clouvider.net,1250,65.0,75.0,51.0,8.926785535678562
lon.speedtest.clouvider.net,1260,67.0,77.0,58.0,6.96419413859206
lon.speedtest.clouvider.net,1270,64.0,75.0,50.0,9.03811374126261
lon.speedtest.clouvider.net,1280,67.0,71.0,61.0,3.7416573867739413
lon.speedtest.clouvider.net,1290,64.0,72.0,52.0,7.632168761236874
lon.speedtest.clouvider.net,1300,69.0,79.0,60.0,7.176350047203662
lon.speedtest.clouvider.net,1310,64.0,69.0,57.0,4.5
lon.speedtest.clouvider.net,1320,66.0,73.0,59.0,5.261891294962297
lon.speedtest.clouvider.net,1330,66.0,73.0,62.0,4.493050188902857
lon.speedtest.clouvider.net,1340,68.0,78.0,60.0,7.8859051477937525
lon.speedtest.clouvider.net,1350,64.0,71.0,59.0,4.656984002549289
lon.speedtest.clouvider.net,1360,67.0,74.0,57.0,6.2599920127744575
lon.speedtest.clouvider.net,1370,69.0,74.0,64.0,3.5355339059327378
lon.speedtest.clouvider.net,1380,66.0,73.0,58.0,5.494315243958978
lon.speedtest.clouvider.net,1390,66.0,74.0,58.0,5.973901572674261
lon.speedtest.clouvider.net,1400,68.0,76.0,62.0,5.11737237261468
lon.speedtest.clouvider.net,1410,67.0,70.0,60.0,4.205650960315181
lon.speedtest.clouvider.net,1420,65.0,73.0,50.0,9.027735042633894
lon.speedtest.clouvider.net,1430,72.0,95.0,59.0,13.5
lon.speedtest.clouvider.net,1440,66.0,70.0,59.0,4.322904116447646
lon.speedtest.clouvider.net,1450,67.0,72.0,62.0,3.6314597615834874
lon.speedtest.clouvider.net,1460,62.0,70.0,53.0,7.176350047203662
lon.speedtest.clouvider.net,1470,67.0,75.0,59.0,5.722761571129799
atl.speedtest.clouvider.net,10,128.0,133.0,120.0,5.9066817155564495
atl.speedtest.clouvider.net,20,123.0,128.0,121.0,2.692582403567252
atl.speedtest.clouvider.net,30,125.0,133.0,121.0,4.69041575982343
atl.speedtest.clouvider.net,40,126.0,131.0,120.0,3.9370039370059056
atl.speedtest.clouvider.net,50,128.0,133.0,124.0,4.031128874149275
atl.speedtest.clouvider.net,60,123.0,127.0,121.0,2.6246692913372702
atl.speedtest.clouvider.net,70,125.0,132.0,121.0,4.153311931459037
atl.speedtest.clouvider.net,80,124.0,127.0,121.0,2.179449471770337
atl.speedtest.clouvider.net,90,122.0,125.0,121.0,1.5
atl.speedtest.clouvider.net,100,129.0,137.0,120.0,6.098155458825234
atl.speedtest.clouvider.net,110,122.0,124.0,120.0,1.5811388300841898
atl.speedtest.clouvider.net,120,122.0,124.0,121.0,1.0897247358851685
atl.speedtest.clouvider.net,130,123.0,132.0,120.0,5.0682837331783235
atl.speedtest.clouvider.net,140,121.0,125.0,118.0,2.7386127875258306
atl.speedtest.clouvider.net,150,122.0,129.0,118.0,4.031128874149275
atl.speedtest.clouvider.net,160,121.0,123.0,120.0,1.5
atl.speedtest.clouvider.net,170,126.0,133.0,121.0,4.847679857416329
atl.speedtest.clouvider.net,180,124.0,136.0,121.0,6.49519052838329
atl.speedtest.clouvider.net,190,121.0,122.0,121.0,0.4330127018922193
atl.speedtest.clouvider.net,200,123.0,127.0,122.0,2.0463381929681126
atl.speedtest.clouvider.net,210,124.0,133.0,119.0,5.11737237261468
atl.speedtest.clouvider.net,220,124.0,130.0,121.0,3.6996621467371855
atl.speedtest.clouvider.net,230,121.0,122.0,120.0,0.82915619758885
atl.speedtest.clouvider.net,240,121.0,123.0,119.0,1.6583123951777
atl.speedtest.clouvider.net,250,126.0,133.0,121.0,4.769696007084728
atl.speedtest.clouvider.net,260,123.0,130.0,120.0,3.960744879438715
atl.speedtest.clouvider.net,270,122.0,127.0,120.0,2.692582403567252
atl.speedtest.clouvider.net,280,121.0,125.0,118.0,2.48746859276655
atl.speedtest.clouvider.net,290,120.0,122.0,119.0,1.299038105676658
atl.speedtest.clouvider.net,300,122.0,126.0,120.0,2.384848003542364
atl.speedtest.clouvider.net,310,123.0,124.0,122.0,0.7071067811865476
atl.speedtest.clouvider.net,320,122.0,130.0,119.0,4.387482193696061
atl.speedtest.clouvider.net,330,125.0,129.0,123.0,2.48746859276655
atl.speedtest.clouvider.net,340,124.0,126.0,123.0,1.118033988749895
atl.speedtest.clouvider.net,350,123.0,125.0,122.0,1.224744871391589
atl.speedtest.clouvider.net,360,121.0,124.0,119.0,1.7853571071357126
atl.speedtest.clouvider.net,370,122.0,124.0,121.0,1.224744871391589
atl.speedtest.clouvider.net,380,124.0,133.0,119.0,5.356071321407137
atl.speedtest.clouvider.net,390,122.0,125.0,119.0,2.179449471770337
atl.speedtest.clouvider.net,400,120.0,121.0,120.0,0.5
atl.speedtest.clouvider.net,410,122.0,124.0,122.0,0.8660254037844386
atl.speedtest.clouvider.net,420,122.0,123.0,121.0,0.7071067811865476
atl.speedtest.clouvider.net,430,125.0,136.0,121.0,6.219927652312364
atl.speedtest.clouvider.net,440,122.0,123.0,121.0,0.82915619758885
atl.speedtest.clouvider.net,450,123.0,125.0,122.0,1.118033988749895
atl.speedtest.clouvider.net,460,122.0,124.0,120.0,1.5811388300841898
atl.speedtest.clouvider.net,470,129.0,133.0,123.0,3.905124837953327
atl.speedtest.clouvider.net,480,129.0,135.0,122.0,4.763139720814412
atl.speedtest.clouvider.net,490,128.0,138.0,121.0,6.576473218982953
atl.speedtest.clouvider.net,500,122.0,125.0,120.0,2.0615528128088303
atl.speedtest.clouvider.net,510,124.0,132.0,121.0,4.636809247747852
atl.speedtest.clouvider.net,520,123.0,125.0,121.0,1.5811388300841898
atl.speedtest.clouvider.net,530,121.0,124.0,120.0,1.479019945774904
atl.speedtest.clouvider.net,540,123.0,128.0,121.0,2.8722813232690143
atl.speedtest.clouvider.net,550,123.0,133.0,119.0,5.539629951540085
atl.speedtest.clouvider.net,560,123.0,133.0,120.0,5.356071321407137
atl.speedtest.clouvider.net,570,129.0,134.0,122.0,4.602988159880492
atl.speedtest.clouvider.net,580,122.0,124.0,120.0,1.4142135623730951
atl.speedtest.clouvider.net,590,122.0,126.0,120.0,2.165063509461097
atl.speedtest.clouvider.net,600,125.0,134.0,119.0,6.417748826496718
atl.speedtest.clouvider.net,610,122.0,125.0,121.0,1.7853571071357126
atl.speedtest.clouvider.net,620,121.0,124.0,121.0,1.299038105676658
atl.speedtest.clouvider.net,630,123.0,131.0,121.0,4.205650960315181
atl.speedtest.clouvider.net,640,125.0,137.0,120.0,6.800735254367722
atl.speedtest.clouvider.net,650,121.0,123.0,120.0,1.0897247358851685
atl.speedtest.clouvider.net,660,122.0,125.0,121.0,1.479019945774904
atl.speedtest.clouvider.net,670,124.0,129.0,121.0,3.082207001484488
atl.speedtest.clouvider.net,680,128.0,134.0,122.0,4.380353866983808
atl.speedtest.clouvider.net,690,129.0,136.0,123.0,5.220153254455275
atl.speedtest.clouvider.net,700,127.0,135.0,120.0,6.796138609534093
atl.speedtest.clouvider.net,710,120.0,121.0,119.0,0.82915619758885
atl.speedtest.clouvider.net,720,124.0,131.0,121.0,4.123105625617661
atl.speedtest.clouvider.net,730,121.0,123.0,120.0,1.118033988749895
atl.speedtest.clouvider.net,740,127.0,133.0,121.0,5.522680508593631
atl.speedtest.clouvider.net,750,122.0,126.0,119.0,2.5495097567963922
atl.speedtest.clouvider.net,760,121.0,124.0,120.0,1.6393596310755
atl.speedtest.clouvider.net,770,121.0,122.0,120.0,0.7071067811865476
atl.speedtest.clouvider.net,780,129.0,151.0,119.0,12.884098726725126
atl.speedtest.clouvider.net,790,121.0,123.0,120.0,1.0897247358851685
atl.speedtest.clouvider.net,800,126.0,138.0,121.0,6.869315832017043
atl.speedtest.clouvider.net,810,129.0,139.0,119.0,7.084313657652377
atl.speedtest.clouvider.net,820,126.0,147.0,119.0,11.712706775122479
atl.speedtest.clouvider.net,830,128.0,140.0,120.0,8.154753215150045
atl.speedtest.clouvider.net,840,124.0,132.0,120.0,4.602988159880492
atl.speedtest.clouvider.net,850,120.0,121.0,120.0,0.4330127018922193
atl.speedtest.clouvider.net,860,126.0,132.0,121.0,5.049752469181039
atl.speedtest.clouvider.net,870,128.0,133.0,120.0,5.165994579942956
atl.speedtest.clouvider.net,880,126.0,131.0,122.0,3.832427429188973
atl.speedtest.clouvider.net,890,124.0,131.0,118.0,5.5901699437494745
atl.speedtest.clouvider.net,900,121.0,123.0,119.0,1.4142135623730951
atl.speedtest.clouvider.net,910,122.0,125.0,119.0,2.23606797749979
atl.speedtest.clouvider.net,920,121.0,123.0,121.0,0.82915619758885
atl.speedtest.clouvider.net,930,130.0,136.0,124.0,4.47213595499958
atl.speedtest.clouvider.net,940,128.0,136.0,121.0,7.035623639735144
atl.speedtest.clouvider.net,950,127.0,133.0,120.0,4.968651728587948
atl.speedtest.clouvider.net,960,125.0,131.0,121.0,3.9370039370059056
atl.speedtest.clouvider.net,970,123.0,131.0,120.0,4.322904116447646
atl.speedtest.clouvider.net,980,133.0,140.0,126.0,5.931905258852336
atl.speedtest.clouvider.net,990,143.0,145.0,141.0,1.4142135623730951
atl.speedtest.clouvider.net,1000,138.0,144.0,130.0,6.164414002968976
atl.speedtest.clouvider.net,1010,135.0,141.0,125.0,6.5383484153110105
atl.speedtest.clouvider.net,1020,135.0,139.0,132.0,3.0413812651491097
atl.speedtest.clouvider.net,1030,142.0,146.0,139.0,2.8613807855648994
atl.speedtest.clouvider.net,1040,138.0,145.0,132.0,4.656984002549289
atl.speedtest.clouvider.net,1050,135.0,141.0,129.0,5.3091901453988255
atl.speedtest.clouvider.net,1060,136.0,140.0,131.0,3.24037034920393
atl.speedtest.clouvider.net,1070,135.0,140.0,130.0,4.322904116447646
atl.speedtest.clouvider.net,1080,143.0,146.0,138.0,3.2015621187164243
atl.speedtest.clouvider.net,1090,135.0,141.0,130.0,4.301162633521313
atl.speedtest.clouvider.net,1100,138.0,145.0,128.0,6.34428877022476
atl.speedtest.clouvider.net,1110,141.0,144.0,137.0,2.680951323690902
atl.speedtest.clouvider.net,1120,136.0,138.0,134.0,1.479019945774904
atl.speedtest.clouvider.net,1130,137.0,141.0,134.0,2.692582403567252
atl.speedtest.clouvider.net,1140,137.0,140.0,135.0,2.0615528128088303
atl.speedtest.clouvider.net,1150,138.0,145.0,134.0,4.205650960315181
atl.speedtest.clouvider.net,1160,138.0,146.0,133.0,5.315072906367325
atl.speedtest.clouvider.net,1170,141.0,145.0,135.0,3.9370039370059056
atl.speedtest.clouvider.net,1180,137.0,141.0,131.0,3.897114317029974
atl.speedtest.clouvider.net,1190,138.0,146.0,131.0,5.408326913195984
atl.speedtest.clouvider.net,1200,138.0,144.0,131.0,4.866980583482946
atl.speedtest.clouvider.net,1210,136.0,143.0,131.0,4.380353866983808
atl.speedtest.clouvider.net,1220,138.0,147.0,132.0,5.7608593109014565
atl.speedtest.clouvider.net,1230,134.0,141.0,123.0,6.832825184358224
atl.speedtest.clouvider.net,1240,139.0,153.0,127.0,9.283722313813572
atl.speedtest.clouvider.net,1250,140.0,144.0,132.0,4.9180788932265
atl.speedtest.clouvider.net,1260,135.0,140.0,130.0,3.6314597615834874
atl.speedtest.clouvider.net,1270,134.0,141.0,128.0,5.80409338312195
atl.speedtest.clouvider.net,1280,138.0,148.0,129.0,8.154753215150045
atl.speedtest.clouvider.net,1290,135.0,147.0,130.0,6.7592529172978875
atl.speedtest.clouvider.net,1300,138.0,143.0,129.0,5.545268253204709
atl.speedtest.clouvider.net,1310,138.0,143.0,135.0,3.766629793329841
atl.speedtest.clouvider.net,1320,142.0,149.0,133.0,5.931905258852336
atl.speedtest.clouvider.net,1330,137.0,147.0,121.0,9.669539802906858
atl.speedtest.clouvider.net,1340,140.0,144.0,136.0,2.8284271247461903
atl.speedtest.clouvider.net,1350,137.0,143.0,131.0,4.47213595499958
atl.speedtest.clouvider.net,1360,138.0,144.0,130.0,5.261891294962297
atl.speedtest.clouvider.net,1370,139.0,145.0,131.0,5.539629951540085
atl.speedtest.clouvider.net,1380,134.0,141.0,130.0,4.14578098794425
atl.speedtest.clouvider.net,1390,137.0,142.0,130.0,4.5
atl.speedtest.clouvider.net,1400,142.0,146.0,132.0,5.830951894845301
atl.speedtest.clouvider.net,1410,135.0,141.0,130.0,5.261891294962297
atl.speedtest.clouvider.net,1420,145.0,161.0,133.0,10.034316120194738
atl.speedtest.clouvider.net,1430,136.0,141.0,130.0,4.14578098794425
atl.speedtest.clouvider.net,1440,136.0,144.0,125.0,7.314369419163897
atl.speedtest.clouvider.net,1450,134.0,139.0,131.0,3.082207001484488
atl.speedtest.clouvider.net,1460,137.0,141.0,130.0,4.387482193696061
atl.speedtest.clouvider.net,1470,138.0,141.0,132.0,3.6742346141747673
aix-marseille.testdebit.info,10,49.0,54.0,45.0,3.2015621187164243
aix-marseille.testdebit.info,20,46.0,54.0,42.0,4.710360920354193
aix-marseille.testdebit.info,30,44.0,46.0,42.0,1.479019945774904
aix-marseille.testdebit.info,40,46.0,52.0,41.0,4.272001872658765
aix-marseille.testdebit.info,50,50.0,58.0,43.0,5.852349955359813
aix-marseille.testdebit.info,60,46.0,52.0,42.0,3.5619517121937516
aix-marseille.testdebit.info,70,46.0,52.0,43.0,3.6742346141747673
aix-marseille.testdebit.info,80,46.0,57.0,41.0,6.18465843842649
aix-marseille.testdebit.info,90,45.0,51.0,42.0,3.5355339059327378
aix-marseille.testdebit.info,100,43.0,45.0,43.0,0.82915619758885
aix-marseille.testdebit.info,110,47.0,58.0,43.0,6.015604707757983
aix-marseille.testdebit.info,120,50.0,57.0,46.0,4.602988159880492
aix-marseille.testdebit.info,130,47.0,56.0,41.0,5.522680508593631
aix-marseille.testdebit.info,140,47.0,58.0,43.0,6.103277807866851
aix-marseille.testdebit.info,150,46.0,55.0,42.0,4.968651728587948
aix-marseille.testdebit.info,160,46.0,54.0,42.0,4.743416490252569
aix-marseille.testdebit.info,170,46.0,54.0,43.0,4.548351349665063
aix-marseille.testdebit.info,180,46.0,58.0,40.0,6.94172168845741
aix-marseille.testdebit.info,190,43.0,47.0,42.0,2.0463381929681126
aix-marseille.testdebit.info,200,52.0,57.0,45.0,4.358898943540674
aix-marseille.testdebit.info,210,44.0,46.0,43.0,1.0897247358851685
aix-marseille.testdebit.info,220,50.0,60.0,43.0,6.179603547154137
aix-marseille.testdebit.info,230,44.0,47.0,43.0,1.7320508075688772
aix-marseille.testdebit.info,240,45.0,48.0,42.0,2.384848003542364
aix-marseille.testdebit.info,250,46.0,54.0,42.0,4.710360920354193
aix-marseille.testdebit.info,260,48.0,53.0,45.0,2.958039891549808
aix-marseille.testdebit.info,270,44.0,46.0,43.0,1.224744871391589
aix-marseille.testdebit.info,280,47.0,60.0,42.0,7.516648189186454
aix-marseille.testdebit.info,290,44.0,50.0,41.0,3.418698582794336
aix-marseille.testdebit.info,300,43.0,43.0,43.0,0.0
aix-marseille.testdebit.info,310,44.0,48.0,41.0,2.7386127875258306
aix-marseille.testdebit.info,320,43.0,45.0,42.0,1.118033988749895
aix-marseille.testdebit.info,330,44.0,50.0,42.0,3.112474899497183
aix-marseille.testdebit.info,340,43.0,45.0,42.0,1.0897247358851685
aix-marseille.testdebit.info,350,44.0,48.0,43.0,2.0463381929681126
aix-marseille.testdebit.info,360,45.0,47.0,43.0,1.5811388300841898
aix-marseille.testdebit.info,370,43.0,46.0,42.0,1.6393596310755
aix-marseille.testdebit.info,380,45.0,49.0,42.0,2.48746859276655
aix-marseille.testdebit.info,390,44.0,45.0,44.0,0.4330127018922193
aix-marseille.testdebit.info,400,44.0,48.0,42.0,2.179449471770337
aix-marseille.testdebit.info,410,43.0,45.0,42.0,1.118033988749895
aix-marseille.testdebit.info,420,47.0,55.0,41.0,5.049752469181039
aix-marseille.testdebit.info,430,44.0,47.0,43.0,1.5
aix-marseille.testdebit.info,440,48.0,54.0,41.0,5.678908345800274
aix-marseille.testdebit.info,450,51.0,54.0,47.0,2.7726341266023544
aix-marseille.testdebit.info,460,46.0,54.0,42.0,4.55521678957215
aix-marseille.testdebit.info,470,59.0,68.0,52.0,6.123724356957945
aix-marseille.testdebit.info,480,64.0,68.0,61.0,2.7386127875258306
aix-marseille.testdebit.info,490,54.0,63.0,51.0,4.815340071064556
aix-marseille.testdebit.info,500,62.0,67.0,59.0,3.082207001484488
aix-marseille.testdebit.info,510,46.0,55.0,42.0,5.123475382979799
aix-marseille.testdebit.info,520,55.0,64.0,45.0,7.22841614740048
aix-marseille.testdebit.info,530,63.0,67.0,56.0,4.527692569068709
aix-marseille.testdebit.info,540,59.0,68.0,52.0,7.292976072907411
aix-marseille.testdebit.info,550,57.0,63.0,50.0,5.2141634036535525
aix-marseille.testdebit.info,560,54.0,66.0,43.0,8.407585860400118
aix-marseille.testdebit.info,570,53.0,67.0,46.0,8.396427811873332
aix-marseille.testdebit.info,580,58.0,67.0,53.0,6.015604707757983
aix-marseille.testdebit.info,590,61.0,70.0,50.0,8.525696452489967
aix-marseille.testdebit.info,600,59.0,70.0,49.0,9.33742469849155
aix-marseille.testdebit.info,610,58.0,65.0,51.0,5.70087712549569
aix-marseille.testdebit.info,620,58.0,71.0,54.0,7.119515432949071
aix-marseille.testdebit.info,630,56.0,69.0,48.0,7.88986691902975
aix-marseille.testdebit.info,640,63.0,75.0,51.0,8.52936105461599
aix-marseille.testdebit.info,650,59.0,66.0,53.0,4.656984002549289
aix-marseille.testdebit.info,660,58.0,62.0,53.0,3.391164991562634
aix-marseille.testdebit.info,670,61.0,67.0,57.0,3.570714214271425
aix-marseille.testdebit.info,680,61.0,63.0,61.0,0.8660254037844386
aix-marseille.testdebit.info,690,62.0,71.0,55.0,5.80409338312195
aix-marseille.testdebit.info,700,61.0,64.0,58.0,2.23606797749979
aix-marseille.testdebit.info,710,49.0,61.0,42.0,7.119515432949071
aix-marseille.testdebit.info,720,50.0,56.0,44.0,4.5
aix-marseille.testdebit.info,730,51.0,61.0,43.0,7.297259759663212
aix-marseille.testdebit.info,740,44.0,52.0,41.0,4.264680527307995
aix-marseille.testdebit.info,750,51.0,56.0,43.0,5.165994579942956
aix-marseille.testdebit.info,760,44.0,52.0,42.0,4.205650960315181
aix-marseille.testdebit.info,770,49.0,56.0,41.0,5.937171043518958
aix-marseille.testdebit.info,780,44.0,47.0,43.0,1.6393596310755
aix-marseille.testdebit.info,790,47.0,57.0,43.0,5.830951894845301
aix-marseille.testdebit.info,800,43.0,44.0,42.0,0.8660254037844386
aix-marseille.testdebit.info,810,46.0,55.0,41.0,5.522680508593631
aix-marseille.testdebit.info,820,46.0,54.0,42.0,4.69041575982343
aix-marseille.testdebit.info,830,46.0,53.0,43.0,4.123105625617661
aix-marseille.testdebit.info,840,44.0,49.0,41.0,2.958039891549808
aix-marseille.testdebit.info,850,46.0,53.0,42.0,4.527692569068709
aix-marseille.testdebit.info,860,44.0,52.0,40.0,4.743416490252569
aix-marseille.testdebit.info,870,45.0,54.0,42.0,4.815340071064556
aix-marseille.testdebit.info,880,46.0,52.0,43.0,3.6742346141747673
aix-marseille.testdebit.info,890,44.0,45.0,43.0,0.8660254037844386
aix-marseille.testdebit.info,900,46.0,57.0,43.0,6.06217782649107
aix-marseille.testdebit.info,910,43.0,45.0,41.0,1.5
aix-marseille.testdebit.info,920,48.0,66.0,41.0,10.034316120194738
aix-marseille.testdebit.info,930,42.0,43.0,42.0,0.5
aix-marseille.testdebit.info,940,47.0,56.0,41.0,5.84700778176325
aix-marseille.testdebit.info,950,42.0,45.0,41.0,1.479019945774904
aix-marseille.testdebit.info,960,43.0,47.0,41.0,2.179449471770337
aix-marseille.testdebit.info,970,54.0,63.0,46.0,6.264982043070834
aix-marseille.testdebit.info,980,60.0,66.0,53.0,4.8218253804964775
aix-marseille.testdebit.info,990,59.0,64.0,52.0,4.358898943540674
aix-marseille.testdebit.info,1000,55.0,62.0,50.0,4.358898943540674
aix-marseille.testdebit.info,1010,61.0,67.0,52.0,5.584576975922169
aix-marseille.testdebit.info,1020,60.0,67.0,57.0,3.960744879438715
aix-marseille.testdebit.info,1030,61.0,65.0,55.0,3.7416573867739413
aix-marseille.testdebit.info,1040,57.0,67.0,50.0,6.684870978560469
aix-marseille.testdebit.info,1050,62.0,63.0,61.0,0.7071067811865476
aix-marseille.testdebit.info,1060,61.0,66.0,55.0,4.031128874149275
aix-marseille.testdebit.info,1070,55.0,60.0,50.0,3.605551275463989
aix-marseille.testdebit.info,1080,58.0,67.0,50.0,6.179603547154137
aix-marseille.testdebit.info,1090,59.0,66.0,53.0,5.0682837331783235
aix-marseille.testdebit.info,1100,59.0,66.0,52.0,5.11737237261468
aix-marseille.testdebit.info,1110,59.0,67.0,53.0,5.477225575051661
aix-marseille.testdebit.info,1120,61.0,67.0,53.0,5.261891294962297
aix-marseille.testdebit.info,1130,57.0,62.0,52.0,4.527692569068709
aix-marseille.testdebit.info,1140,55.0,63.0,49.0,5.049752469181039
aix-marseille.testdebit.info,1150,60.0,68.0,55.0,5.315072906367325
aix-marseille.testdebit.info,1160,61.0,68.0,51.0,6.422616289332565
aix-marseille.testdebit.info,1170,61.0,64.0,55.0,3.6314597615834874
aix-marseille.testdebit.info,1180,58.0,66.0,45.0,8.13557004763649
aix-marseille.testdebit.info,1190,57.0,62.0,53.0,3.832427429188973
aix-marseille.testdebit.info,1200,60.0,67.0,56.0,4.153311931459037
aix-marseille.testdebit.info,1210,57.0,62.0,54.0,3.112474899497183
aix-marseille.testdebit.info,1220,52.0,66.0,43.0,8.437268515343103
aix-marseille.testdebit.info,1230,58.0,63.0,54.0,3.491060010942235
aix-marseille.testdebit.info,1240,59.0,63.0,55.0,3.1622776601683795
aix-marseille.testdebit.info,1250,61.0,68.0,55.0,4.656984002549289
aix-marseille.testdebit.info,1260,64.0,68.0,62.0,2.384848003542364
aix-marseille.testdebit.info,1270,63.0,72.0,52.0,7.533259586659682
aix-marseille.testdebit.info,1280,64.0,71.0,61.0,4.06201920231798
aix-marseille.testdebit.info,1290,62.0,68.0,58.0,3.960744879438715
aix-marseille.testdebit.info,1300,60.0,76.0,54.0,9.096702699330127
aix-marseille.testdebit.info,1310,58.0,63.0,53.0,3.766629793329841
aix-marseille.testdebit.info,1320,61.0,68.0,52.0,5.744562646538029
aix-marseille.testdebit.info,1330,60.0,64.0,56.0,2.8613807855648994
aix-marseille.testdebit.info,1340,61.0,63.0,58.0,2.0463381929681126
aix-marseille.testdebit.info,1350,64.0,76.0,53.0,8.257572282456872
aix-marseille.testdebit.info,1360,60.0,68.0,48.0,7.660776723022281
aix-marseille.testdebit.info,1370,60.0,71.0,44.0,10.012492197250394
aix-marseille.testdebit.info,1380,60.0,65.0,53.0,4.55521678957215
aix-marseille.testdebit.info,1390,61.0,77.0,52.0,10.024968827881711
aix-marseille.testdebit.info,1400,61.0,67.0,53.0,5.220153254455275
aix-marseille.testdebit.info,1410,61.0,70.0,53.0,6.103277807866851
aix-marseille.testdebit.info,1420,58.0,67.0,52.0,5.678908345800274
aix-marseille.testdebit.info,1430,57.0,60.0,55.0,1.8708286933869707
aix-marseille.testdebit.info,1440,60.0,63.0,57.0,2.29128784747792
aix-marseille.testdebit.info,1450,59.0,63.0,53.0,4.085033659592048
aix-marseille.testdebit.info,1460,60.0,66.0,53.0,4.710360920354193
aix-marseille.testdebit.info,1470,63.0,68.0,61.0,2.8613807855648994
lyon.testdebit.info,10,49.0,54.0,46.0,2.8613807855648994
lyon.testdebit.info,20,46.0,55.0,42.0,5.123475382979799
lyon.testdebit.info,30,44.0,47.0,43.0,1.479019945774904
lyon.testdebit.info,40,48.0,58.0,41.0,6.442049363362563
lyon.testdebit.info,50,50.0,57.0,43.0,5.539629951540085
lyon.testdebit.info,60,48.0,52.0,46.0,2.345207879911715
lyon.testdebit.info,70,45.0,52.0,43.0,3.6314597615834874
lyon.testdebit.info,80,48.0,60.0,43.0,6.96419413859206
lyon.testdebit.info,90,44.0,52.0,42.0,4.205650960315181
lyon.testdebit.info,100,43.0,44.0,43.0,0.4330127018922193
lyon.testdebit.info,110,47.0,57.0,43.0,5.830951894845301
lyon.testdebit.info,120,49.0,57.0,45.0,4.716990566028302
lyon.testdebit.info,130,48.0,56.0,45.0,4.493050188902857
lyon.testdebit.info,140,49.0,61.0,45.0,6.796138609534093
lyon.testdebit.info,150,47.0,56.0,44.0,4.9749371855331
lyon.testdebit.info,160,46.0,54.0,43.0,4.387482193696061
lyon.testdebit.info,170,47.0,53.0,44.0,3.491060010942235
lyon.testdebit.info,180,46.0,58.0,42.0,6.53356717268599
lyon.testdebit.info,190,45.0,47.0,44.0,1.118033988749895
lyon.testdebit.info,200,50.0,54.0,45.0,3.491060010942235
lyon.testdebit.info,210,43.0,46.0,42.0,1.479019945774904
lyon.testdebit.info,220,48.0,52.0,44.0,3.112474899497183
lyon.testdebit.info,230,44.0,46.0,43.0,1.0897247358851685
lyon.testdebit.info,240,47.0,52.0,44.0,3.3166247903554
lyon.testdebit.info,250,44.0,47.0,44.0,1.299038105676658
lyon.testdebit.info,260,46.0,51.0,43.0,2.958039891549808
lyon.testdebit.info,270,44.0,47.0,42.0,1.8027756377319946
lyon.testdebit.info,280,47.0,57.0,42.0,5.584576975922169
lyon.testdebit.info,290,42.0,44.0,42.0,0.82915619758885
lyon.testdebit.info,300,44.0,46.0,42.0,1.479019945774904
lyon.testdebit.info,310,44.0,47.0,43.0,1.5
lyon.testdebit.info,320,45.0,48.0,41.0,2.5495097567963922
lyon.testdebit.info,330,44.0,46.0,43.0,1.299038105676658
lyon.testdebit.info,340,44.0,47.0,44.0,1.299038105676658
lyon.testdebit.info,350,45.0,48.0,43.0,2.277608394786075
lyon.testdebit.info,360,44.0,48.0,42.0,2.165063509461097
lyon.testdebit.info,370,45.0,47.0,44.0,1.224744871391589
lyon.testdebit.info,380,44.0,46.0,42.0,1.479019945774904
lyon.testdebit.info,390,45.0,47.0,42.0,2.0463381929681126
lyon.testdebit.info,400,46.0,49.0,43.0,2.23606797749979
lyon.testdebit.info,410,44.0,46.0,43.0,1.0897247358851685
lyon.testdebit.info,420,48.0,56.0,45.0,4.493050188902857
lyon.testdebit.info,430,44.0,47.0,44.0,1.299038105676658
lyon.testdebit.info,440,48.0,54.0,41.0,5.678908345800274
lyon.testdebit.info,450,52.0,54.0,47.0,2.9154759474226504
lyon.testdebit.info,460,47.0,54.0,44.0,4.123105625617661
lyon.testdebit.info,470,59.0,68.0,54.0,5.673402858955108
lyon.testdebit.info,480,64.0,69.0,62.0,2.8722813232690143
lyon.testdebit.info,490,56.0,63.0,53.0,4.14578098794425
lyon.testdebit.info,500,61.0,67.0,59.0,3.112474899497183
lyon.testdebit.info,510,50.0,57.0,44.0,5.80409338312195
lyon.testdebit.info,520,56.0,64.0,47.0,6.87386354243376
lyon.testdebit.info,530,63.0,67.0,56.0,4.527692569068709
lyon.testdebit.info,540,63.0,68.0,54.0,5.385164807134504
lyon.testdebit.info,550,58.0,63.0,51.0,4.847679857416329
lyon.testdebit.info,560,55.0,66.0,44.0,7.92148975887743
lyon.testdebit.info,570,53.0,67.0,47.0,8.1967981553775
lyon.testdebit.info,580,59.0,67.0,54.0,5.539629951540085
lyon.testdebit.info,590,62.0,70.0,53.0,7.582875444051551
lyon.testdebit.info,600,59.0,70.0,48.0,9.617692030835672
lyon.testdebit.info,610,58.0,65.0,51.0,5.539629951540085
lyon.testdebit.info,620,60.0,72.0,54.0,7.399324293474371
lyon.testdebit.info,630,56.0,69.0,47.0,7.949056547792323
lyon.testdebit.info,640,63.0,75.0,52.0,8.166241485530538
lyon.testdebit.info,650,61.0,66.0,58.0,2.947456530637899
lyon.testdebit.info,660,58.0,62.0,53.0,3.391164991562634
lyon.testdebit.info,670,62.0,67.0,58.0,3.24037034920393
lyon.testdebit.info,680,61.0,63.0,61.0,0.82915619758885
lyon.testdebit.info,690,61.0,71.0,53.0,6.456585785072479
lyon.testdebit.info,700,61.0,64.0,58.0,2.23606797749979
lyon.testdebit.info,710,50.0,62.0,44.0,7.0710678118654755
lyon.testdebit.info,720,43.0,47.0,41.0,2.345207879911715
lyon.testdebit.info,730,46.0,53.0,43.0,4.06201920231798
lyon.testdebit.info,740,46.0,56.0,42.0,5.673402858955108
lyon.testdebit.info,750,43.0,45.0,42.0,1.0897247358851685
lyon.testdebit.info,760,46.0,57.0,42.0,6.219927652312364
lyon.testdebit.info,770,44.0,45.0,42.0,1.224744871391589
lyon.testdebit.info,780,46.0,53.0,43.0,4.085033659592048
lyon.testdebit.info,790,47.0,54.0,45.0,3.897114317029974
lyon.testdebit.info,800,54.0,63.0,43.0,7.176350047203662
lyon.testdebit.info,810,47.0,59.0,41.0,7.013380069552769
lyon.testdebit.info,820,43.0,44.0,41.0,1.224744871391589
lyon.testdebit.info,830,46.0,54.0,43.0,4.636809247747852
lyon.testdebit.info,840,45.0,53.0,40.0,4.8218253804964775
lyon.testdebit.info,850,56.0,68.0,43.0,11.586630226256467
lyon.testdebit.info,860,46.0,54.0,43.0,4.636809247747852
lyon.testdebit.info,870,51.0,58.0,44.0,4.949747468305833
lyon.testdebit.info,880,42.0,43.0,42.0,0.5
lyon.testdebit.info,890,43.0,44.0,42.0,0.82915619758885
lyon.testdebit.info,900,43.0,44.0,43.0,0.5
lyon.testdebit.info,910,43.0,44.0,43.0,0.4330127018922193
lyon.testdebit.info,920,50.0,65.0,41.0,9.526279441628825
lyon.testdebit.info,930,53.0,63.0,47.0,5.80409338312195
lyon.testdebit.info,940,43.0,45.0,42.0,1.224744871391589
lyon.testdebit.info,950,43.0,47.0,42.0,2.0615528128088303
lyon.testdebit.info,960,52.0,56.0,47.0,3.3541019662496847
lyon.testdebit.info,970,47.0,59.0,41.0,6.7592529172978875
lyon.testdebit.info,980,63.0,68.0,61.0,2.692582403567252
lyon.testdebit.info,990,59.0,68.0,50.0,6.422616289332565
lyon.testdebit.info,1000,62.0,68.0,59.0,3.2691742076555053
lyon.testdebit.info,1010,61.0,63.0,57.0,2.48746859276655
lyon.testdebit.info,1020,56.0,61.0,53.0,3.418698582794336
lyon.testdebit.info,1030,58.0,63.0,53.0,3.840572873934304
lyon.testdebit.info,1040,57.0,63.0,53.0,3.6996621467371855
lyon.testdebit.info,1050,61.0,68.0,53.0,6.057020719792859
lyon.testdebit.info,1060,59.0,69.0,53.0,6.417748826496718
lyon.testdebit.info,1070,60.0,66.0,54.0,4.47213595499958
lyon.testdebit.info,1080,62.0,67.0,59.0,3.031088913245535
lyon.testdebit.info,1090,59.0,68.0,53.0,5.7608593109014565
lyon.testdebit.info,1100,56.0,70.0,46.0,8.874119674649425
lyon.testdebit.info,1110,63.0,69.0,54.0,5.931905258852336
lyon.testdebit.info,1120,62.0,68.0,54.0,5.0990195135927845
lyon.testdebit.info,1130,57.0,62.0,52.0,4.527692569068709
lyon.testdebit.info,1140,55.0,63.0,49.0,5.049752469181039
lyon.testdebit.info,1150,58.0,66.0,55.0,4.493050188902857
lyon.testdebit.info,1160,60.0,66.0,51.0,5.584576975922169
lyon.testdebit.info,1170,58.0,64.0,53.0,3.905124837953327
lyon.testdebit.info,1180,60.0,68.0,48.0,7.790218225441442
lyon.testdebit.info,1190,62.0,66.0,57.0,3.2691742076555053
lyon.testdebit.info,1200,64.0,70.0,62.0,3.2691742076555053
lyon.testdebit.info,1210,54.0,63.0,41.0,8.645808232895291
lyon.testdebit.info,1220,57.0,67.0,46.0,7.980444849756184
lyon.testdebit.info,1230,56.0,63.0,47.0,5.889609494694874
lyon.testdebit.info,1240,61.0,67.0,51.0,6.041522986797286
lyon.testdebit.info,1250,61.0,67.0,55.0,5.522680508593631
lyon.testdebit.info,1260,61.0,65.0,59.0,2.165063509461097
lyon.testdebit.info,1270,57.0,62.0,47.0,5.873670062235365
lyon.testdebit.info,1280,59.0,65.0,53.0,4.602988159880492
lyon.testdebit.info,1290,60.0,64.0,53.0,4.493050188902857
lyon.testdebit.info,1300,59.0,66.0,51.0,6.2048368229954285
lyon.testdebit.info,1310,60.0,68.0,54.0,5.787918451395113
lyon.testdebit.info,1320,55.0,63.0,52.0,4.387482193696061
lyon.testdebit.info,1330,56.0,67.0,50.0,6.417748826496718
lyon.testdebit.info,1340,57.0,65.0,47.0,7.123903424387503
lyon.testdebit.info,1350,57.0,70.0,45.0,9.807522622966516
lyon.testdebit.info,1360,56.0,63.0,54.0,3.6996621467371855
lyon.testdebit.info,1370,60.0,63.0,55.0,3.2015621187164243
lyon.testdebit.info,1380,58.0,68.0,50.0,7.664854858377946
lyon.testdebit.info,1390,67.0,75.0,63.0,4.710360920354193
lyon.testdebit.info,1400,55.0,64.0,44.0,7.44983221287567
lyon.testdebit.info,1410,60.0,63.0,55.0,3.344772040064913
lyon.testdebit.info,1420,63.0,65.0,61.0,1.6583123951777
lyon.testdebit.info,1430,62.0,65.0,59.0,2.5495097567963922
lyon.testdebit.info,1440,66.0,68.0,64.0,1.5811388300841898
lyon.testdebit.info,1450,65.0,76.0,57.0,7.693341276714559
lyon.testdebit.info,1460,64.0,67.0,60.0,2.7386127875258306
lyon.testdebit.info,1470,61.0,78.0,52.0,10.059199769365355
paris.testdebit.info,10,47.0,50.0,43.0,2.7386127875258306
paris.testdebit.info,20,39.0,40.0,39.0,0.4330127018922193
paris.testdebit.info,30,40.0,42.0,39.0,1.0897247358851685
paris.testdebit.info,40,41.0,46.0,39.0,2.9154759474226504
paris.testdebit.info,50,46.0,52.0,39.0,5.84700778176325
paris.testdebit.info,60,43.0,47.0,39.0,3.112474899497183
paris.testdebit.info,70,41.0,50.0,38.0,4.924428900898052
paris.testdebit.info,80,44.0,51.0,39.0,5.123475382979799
paris.testdebit.info,90,44.0,52.0,40.0,4.710360920354193
paris.testdebit.info,100,39.0,45.0,36.0,3.3541019662496847
paris.testdebit.info,110,40.0,43.0,38.0,1.8027756377319946
paris.testdebit.info,120,43.0,52.0,40.0,4.815340071064556
paris.testdebit.info,130,40.0,41.0,39.0,0.82915619758885
paris.testdebit.info,140,39.0,40.0,39.0,0.4330127018922193
paris.testdebit.info,150,41.0,48.0,37.0,4.02336923485777
paris.testdebit.info,160,43.0,49.0,40.0,3.5355339059327378
paris.testdebit.info,170,38.0,41.0,37.0,1.479019945774904
paris.testdebit.info,180,41.0,44.0,39.0,1.8708286933869707
paris.testdebit.info,190,46.0,56.0,39.0,7.314369419163897
paris.testdebit.info,200,42.0,48.0,39.0,3.6996621467371855
paris.testdebit.info,210,47.0,55.0,39.0,6.041522986797286
paris.testdebit.info,220,43.0,50.0,38.0,4.769696007084728
paris.testdebit.info,230,43.0,45.0,38.0,2.9154759474226504
paris.testdebit.info,240,40.0,48.0,35.0,4.716990566028302
paris.testdebit.info,250,41.0,47.0,39.0,3.278719262151
paris.testdebit.info,260,39.0,43.0,38.0,1.920286436967152
paris.testdebit.info,270,39.0,42.0,38.0,1.6393596310755
paris.testdebit.info,280,39.0,42.0,37.0,1.920286436967152
paris.testdebit.info,290,41.0,42.0,40.0,0.7071067811865476
paris.testdebit.info,300,40.0,42.0,39.0,1.118033988749895
paris.testdebit.info,310,40.0,42.0,39.0,1.299038105676658
paris.testdebit.info,320,39.0,43.0,37.0,2.179449471770337
paris.testdebit.info,330,38.0,40.0,38.0,0.82915619758885
paris.testdebit.info,340,39.0,42.0,37.0,1.7853571071357126
paris.testdebit.info,350,40.0,42.0,38.0,1.5811388300841898
paris.testdebit.info,360,40.0,43.0,38.0,2.277608394786075
paris.testdebit.info,370,41.0,43.0,41.0,0.82915619758885
paris.testdebit.info,380,40.0,43.0,39.0,1.7853571071357126
paris.testdebit.info,390,42.0,50.0,39.0,4.264680527307995
paris.testdebit.info,400,40.0,41.0,39.0,0.82915619758885
paris.testdebit.info,410,39.0,43.0,37.0,2.165063509461097
paris.testdebit.info,420,39.0,40.0,38.0,1.0
paris.testdebit.info,430,38.0,40.0,38.0,0.82915619758885
paris.testdebit.info,440,38.0,39.0,38.0,0.5
paris.testdebit.info,450,40.0,42.0,39.0,1.224744871391589
paris.testdebit.info,460,39.0,40.0,39.0,0.5
paris.testdebit.info,470,39.0,42.0,37.0,1.8708286933869707
paris.testdebit.info,480,41.0,49.0,37.0,4.710360920354193
paris.testdebit.info,490,39.0,43.0,36.0,2.5495097567963922
paris.testdebit.info,500,38.0,40.0,37.0,1.224744871391589
paris.testdebit.info,510,45.0,55.0,39.0,6.5
paris.testdebit.info,520,38.0,40.0,37.0,1.299038105676658
paris.testdebit.info,530,48.0,59.0,39.0,7.119515432949071
paris.testdebit.info,540,45.0,52.0,38.0,5.931905258852336
paris.testdebit.info,550,39.0,40.0,38.0,0.82915619758885
paris.testdebit.info,560,39.0,42.0,39.0,1.299038105676658
paris.testdebit.info,570,39.0,42.0,37.0,1.8708286933869707
paris.testdebit.info,580,39.0,42.0,36.0,2.179449471770337
paris.testdebit.info,590,46.0,52.0,37.0,5.931905258852336
paris.testdebit.info,600,41.0,46.0,39.0,2.8613807855648994
paris.testdebit.info,610,37.0,40.0,35.0,1.7853571071357126
paris.testdebit.info,620,39.0,42.0,37.0,1.8708286933869707
paris.testdebit.info,630,38.0,39.0,38.0,0.4330127018922193
paris.testdebit.info,640,40.0,47.0,38.0,3.6314597615834874
paris.testdebit.info,650,41.0,49.0,38.0,4.387482193696061
paris.testdebit.info,660,47.0,62.0,40.0,8.613216588476108
paris.testdebit.info,670,42.0,49.0,38.0,4.02336923485777
paris.testdebit.info,680,40.0,42.0,38.0,1.6393596310755
paris.testdebit.info,690,42.0,49.0,38.0,4.02336923485777
paris.testdebit.info,700,43.0,51.0,39.0,4.602988159880492
paris.testdebit.info,710,40.0,42.0,38.0,1.5811388300841898
paris.testdebit.info,720,42.0,53.0,37.0,6.299801584177076
paris.testdebit.info,730,41.0,49.0,38.0,4.493050188902857
paris.testdebit.info,740,48.0,60.0,40.0,7.648529270389178
paris.testdebit.info,750,41.0,51.0,38.0,5.5
paris.testdebit.info,760,39.0,40.0,39.0,0.4330127018922193
paris.testdebit.info,770,45.0,53.0,38.0,7.035623639735144
paris.testdebit.info,780,43.0,55.0,39.0,6.928203230275509
paris.testdebit.info,790,43.0,59.0,38.0,8.958236433584458
paris.testdebit.info,800,39.0,41.0,38.0,1.118033988749895
paris.testdebit.info,810,39.0,41.0,38.0,1.224744871391589
paris.testdebit.info,820,46.0,54.0,40.0,5.787918451395113
paris.testdebit.info,830,39.0,42.0,38.0,1.5
paris.testdebit.info,840,38.0,41.0,36.0,1.8027756377319946
paris.testdebit.info,850,39.0,40.0,38.0,0.7071067811865476
paris.testdebit.info,860,38.0,39.0,37.0,0.7071067811865476
paris.testdebit.info,870,43.0,53.0,37.0,6.5
paris.testdebit.info,880,39.0,40.0,38.0,0.7071067811865476
paris.testdebit.info,890,46.0,53.0,37.0,6.609652033201143
paris.testdebit.info,900,40.0,46.0,39.0,3.031088913245535
paris.testdebit.info,910,38.0,40.0,37.0,1.118033988749895
paris.testdebit.info,920,39.0,40.0,38.0,0.7071067811865476
paris.testdebit.info,930,41.0,51.0,38.0,5.356071321407137
paris.testdebit.info,940,44.0,49.0,41.0,3.3166247903554
paris.testdebit.info,950,42.0,53.0,37.0,6.4031242374328485
paris.testdebit.info,960,42.0,52.0,38.0,5.717298313014636
paris.testdebit.info,970,43.0,56.0,39.0,7.361215932167728
paris.testdebit.info,980,53.0,66.0,46.0,7.8222439235810075
paris.testdebit.info,990,60.0,63.0,55.0,3.082207001484488
paris.testdebit.info,1000,56.0,59.0,54.0,1.8027756377319946
paris.testdebit.info,1010,57.0,63.0,50.0,4.636809247747852
paris.testdebit.info,1020,53.0,59.0,46.0,5.244044240850758
paris.testdebit.info,1030,53.0,58.0,48.0,4.380353866983808
paris.testdebit.info,1040,58.0,62.0,55.0,2.5
paris.testdebit.info,1050,51.0,57.0,39.0,7.399324293474371
paris.testdebit.info,1060,54.0,59.0,49.0,4.123105625617661
paris.testdebit.info,1070,53.0,61.0,47.0,5.408326913195984
paris.testdebit.info,1080,57.0,59.0,56.0,1.0897247358851685
paris.testdebit.info,1090,54.0,65.0,44.0,7.632168761236874
paris.testdebit.info,1100,57.0,62.0,49.0,5.024937810560445
paris.testdebit.info,1110,56.0,59.0,49.0,4.123105625617661
paris.testdebit.info,1120,52.0,59.0,38.0,8.5
paris.testdebit.info,1130,54.0,59.0,50.0,3.2691742076555053
paris.testdebit.info,1140,57.0,61.0,49.0,4.898979485566356
paris.testdebit.info,1150,55.0,61.0,49.0,4.602988159880492
paris.testdebit.info,1160,60.0,65.0,59.0,2.48746859276655
paris.testdebit.info,1170,54.0,59.0,47.0,4.847679857416329
paris.testdebit.info,1180,52.0,59.0,44.0,6.264982043070834
paris.testdebit.info,1190,52.0,58.0,47.0,4.6097722286464435
paris.testdebit.info,1200,60.0,61.0,59.0,0.82915619758885
paris.testdebit.info,1210,56.0,59.0,50.0,3.897114317029974
paris.testdebit.info,1220,56.0,61.0,48.0,5.024937810560445
paris.testdebit.info,1230,58.0,68.0,51.0,6.299801584177076
paris.testdebit.info,1240,56.0,62.0,47.0,5.522680508593631
paris.testdebit.info,1250,54.0,62.0,48.0,5.539629951540085
paris.testdebit.info,1260,62.0,71.0,56.0,5.612486080160912
paris.testdebit.info,1270,54.0,60.0,41.0,7.949056547792323
paris.testdebit.info,1280,53.0,59.0,45.0,5.673402858955108
paris.testdebit.info,1290,54.0,60.0,49.0,5.024937810560445
paris.testdebit.info,1300,57.0,67.0,45.0,7.842193570679061
paris.testdebit.info,1310,53.0,59.0,48.0,5.5
paris.testdebit.info,1320,55.0,63.0,50.0,4.815340071064556
paris.testdebit.info,1330,57.0,62.0,49.0,4.968651728587948
paris.testdebit.info,1340,54.0,59.0,50.0,3.3541019662496847
paris.testdebit.info,1350,53.0,58.0,48.0,4.02336923485777
paris.testdebit.info,1360,55.0,67.0,39.0,10.280442597476044
paris.testdebit.info,1370,55.0,67.0,48.0,7.628073151196179
paris.testdebit.info,1380,56.0,63.0,45.0,6.7592529172978875
paris.testdebit.info,1390,55.0,67.0,49.0,6.7592529172978875
paris.testdebit.info,1400,55.0,67.0,46.0,9.17877987534291
paris.testdebit.info,1410,59.0,65.0,53.0,4.322904116447646
paris.testdebit.info,1420,60.0,67.0,52.0,5.402545696243577
paris.testdebit.info,1430,56.0,60.0,55.0,1.920286436967152
paris.testdebit.info,1440,53.0,60.0,47.0,5.0682837331783235
paris.testdebit.info,1450,48.0,59.0,36.0,9.934158243152764
paris.testdebit.info,1460,54.0,62.0,50.0,4.55521678957215
paris.testdebit.info,1470,55.0,59.0,48.0,4.387482193696061
la.speedtest.clouvider.net,10,193.0,197.0,188.0,3.2691742076555053
la.speedtest.clouvider.net,20,186.0,190.0,184.0,2.29128784747792
la.speedtest.clouvider.net,30,187.0,188.0,186.0,0.82915619758885
la.speedtest.clouvider.net,40,195.0,197.0,191.0,2.48746859276655
la.speedtest.clouvider.net,50,192.0,212.0,186.0,11.121488209767612
la.speedtest.clouvider.net,60,186.0,187.0,185.0,0.82915619758885
la.speedtest.clouvider.net,70,185.0,188.0,183.0,1.920286436967152
la.speedtest.clouvider.net,80,189.0,194.0,184.0,3.5619517121937516
la.speedtest.clouvider.net,90,194.0,216.0,187.0,12.419742348374221
la.speedtest.clouvider.net,100,186.0,190.0,184.0,2.277608394786075
la.speedtest.clouvider.net,110,187.0,190.0,187.0,1.299038105676658
la.speedtest.clouvider.net,120,188.0,191.0,188.0,1.299038105676658
la.speedtest.clouvider.net,130,192.0,199.0,188.0,4.387482193696061
la.speedtest.clouvider.net,140,188.0,191.0,187.0,1.6393596310755
la.speedtest.clouvider.net,150,187.0,193.0,185.0,3.2015621187164243
la.speedtest.clouvider.net,160,190.0,202.0,186.0,6.53356717268599
la.speedtest.clouvider.net,170,190.0,196.0,185.0,4.301162633521313
la.speedtest.clouvider.net,180,189.0,197.0,185.0,4.437059837324712
la.speedtest.clouvider.net,190,188.0,191.0,186.0,2.5
la.speedtest.clouvider.net,200,188.0,189.0,186.0,1.224744871391589
la.speedtest.clouvider.net,210,189.0,199.0,186.0,5.402545696243577
la.speedtest.clouvider.net,220,190.0,202.0,183.0,7.0178344238090995
la.speedtest.clouvider.net,230,186.0,187.0,186.0,0.4330127018922193
la.speedtest.clouvider.net,240,188.0,190.0,187.0,1.299038105676658
la.speedtest.clouvider.net,250,190.0,193.0,187.0,2.1213203435596424
la.speedtest.clouvider.net,260,192.0,196.0,189.0,2.5860201081971503
la.speedtest.clouvider.net,270,189.0,192.0,187.0,1.920286436967152
la.speedtest.clouvider.net,280,187.0,190.0,182.0,3.278719262151
la.speedtest.clouvider.net,290,188.0,191.0,185.0,2.23606797749979
la.speedtest.clouvider.net,300,187.0,189.0,186.0,1.118033988749895
la.speedtest.clouvider.net,310,187.0,188.0,185.0,1.224744871391589
la.speedtest.clouvider.net,320,186.0,189.0,186.0,1.299038105676658
la.speedtest.clouvider.net,330,187.0,190.0,186.0,1.6393596310755
la.speedtest.clouvider.net,340,189.0,194.0,185.0,3.6742346141747673
la.speedtest.clouvider.net,350,188.0,190.0,186.0,1.5811388300841898
la.speedtest.clouvider.net,360,188.0,190.0,187.0,1.118033988749895
la.speedtest.clouvider.net,370,188.0,192.0,185.0,2.48746859276655
la.speedtest.clouvider.net,380,188.0,191.0,187.0,1.479019945774904
la.speedtest.clouvider.net,390,186.0,187.0,184.0,1.224744871391589
la.speedtest.clouvider.net,400,188.0,190.0,187.0,1.0897247358851685
la.speedtest.clouvider.net,410,186.0,188.0,185.0,1.118033988749895
la.speedtest.clouvider.net,420,187.0,188.0,186.0,0.7071067811865476
la.speedtest.clouvider.net,430,186.0,187.0,185.0,0.82915619758885
la.speedtest.clouvider.net,440,188.0,192.0,186.0,2.345207879911715
la.speedtest.clouvider.net,450,188.0,190.0,185.0,2.0463381929681126
la.speedtest.clouvider.net,460,188.0,190.0,187.0,1.299038105676658
la.speedtest.clouvider.net,470,186.0,188.0,186.0,0.82915619758885
la.speedtest.clouvider.net,480,195.0,209.0,186.0,8.437268515343103
la.speedtest.clouvider.net,490,185.0,186.0,185.0,0.5
la.speedtest.clouvider.net,500,186.0,188.0,185.0,1.118033988749895
la.speedtest.clouvider.net,510,188.0,198.0,184.0,5.673402858955108
la.speedtest.clouvider.net,520,189.0,199.0,184.0,5.80409338312195
la.speedtest.clouvider.net,530,187.0,189.0,186.0,1.224744871391589
la.speedtest.clouvider.net,540,188.0,191.0,186.0,2.0615528128088303
la.speedtest.clouvider.net,550,190.0,196.0,185.0,4.636809247747852
la.speedtest.clouvider.net,560,190.0,197.0,186.0,3.960744879438715
la.speedtest.clouvider.net,570,189.0,195.0,186.0,3.6742346141747673
la.speedtest.clouvider.net,580,186.0,187.0,185.0,1.0
la.speedtest.clouvider.net,590,188.0,194.0,186.0,3.2691742076555053
la.speedtest.clouvider.net,600,186.0,189.0,185.0,1.5
la.speedtest.clouvider.net,610,186.0,188.0,186.0,0.82915619758885
la.speedtest.clouvider.net,620,186.0,188.0,185.0,1.224744871391589
la.speedtest.clouvider.net,630,198.0,211.0,191.0,7.533259586659682
la.speedtest.clouvider.net,640,186.0,188.0,185.0,1.5
la.speedtest.clouvider.net,650,189.0,196.0,186.0,4.06201920231798
la.speedtest.clouvider.net,660,191.0,196.0,188.0,3.112474899497183
la.speedtest.clouvider.net,670,187.0,190.0,186.0,1.479019945774904
la.speedtest.clouvider.net,680,187.0,189.0,186.0,1.0897247358851685
la.speedtest.clouvider.net,690,187.0,190.0,186.0,1.6583123951777
la.speedtest.clouvider.net,700,189.0,195.0,186.0,3.5
la.speedtest.clouvider.net,710,188.0,190.0,187.0,1.118033988749895
la.speedtest.clouvider.net,720,186.0,187.0,186.0,0.5
la.speedtest.clouvider.net,730,187.0,192.0,186.0,2.48746859276655
la.speedtest.clouvider.net,740,186.0,189.0,185.0,1.5
la.speedtest.clouvider.net,750,190.0,196.0,185.0,4.6097722286464435
la.speedtest.clouvider.net,760,188.0,190.0,186.0,1.479019945774904
la.speedtest.clouvider.net,770,189.0,196.0,185.0,4.183300132670378
la.speedtest.clouvider.net,780,189.0,198.0,185.0,5.024937810560445
la.speedtest.clouvider.net,790,186.0,189.0,185.0,1.479019945774904
la.speedtest.clouvider.net,800,191.0,196.0,186.0,4.527692569068709
la.speedtest.clouvider.net,810,196.0,212.0,187.0,9.394147114027968
la.speedtest.clouvider.net,820,188.0,200.0,183.0,6.609652033201143
la.speedtest.clouvider.net,830,189.0,196.0,186.0,3.960744879438715
la.speedtest.clouvider.net,840,199.0,219.0,186.0,13.019216566291536
la.speedtest.clouvider.net,850,190.0,197.0,187.0,3.766629793329841
la.speedtest.clouvider.net,860,190.0,196.0,185.0,5.261891294962297
la.speedtest.clouvider.net,870,187.0,190.0,185.0,1.920286436967152
la.speedtest.clouvider.net,880,187.0,190.0,186.0,1.479019945774904
la.speedtest.clouvider.net,890,197.0,201.0,194.0,2.5860201081971503
la.speedtest.clouvider.net,900,194.0,200.0,189.0,5.5
la.speedtest.clouvider.net,910,190.0,201.0,186.0,6.363961030678928
la.speedtest.clouvider.net,920,188.0,192.0,185.0,2.5860201081971503
la.speedtest.clouvider.net,930,189.0,198.0,186.0,5.196152422706632
la.speedtest.clouvider.net,940,191.0,201.0,187.0,5.448623679425842
la.speedtest.clouvider.net,950,189.0,195.0,186.0,3.5355339059327378
la.speedtest.clouvider.net,960,191.0,195.0,186.0,3.391164991562634
la.speedtest.clouvider.net,970,188.0,196.0,183.0,4.968651728587948
la.speedtest.clouvider.net,980,205.0,209.0,201.0,3.2015621187164243
la.speedtest.clouvider.net,990,205.0,217.0,200.0,6.96419413859206
la.speedtest.clouvider.net,1000,204.0,222.0,185.0,13.35102992281869
la.speedtest.clouvider.net,1010,202.0,208.0,194.0,5.220153254455275
la.speedtest.clouvider.net,1020,206.0,211.0,198.0,5.1478150704935
la.speedtest.clouvider.net,1030,200.0,205.0,196.0,3.640054944640259
la.speedtest.clouvider.net,1040,202.0,210.0,196.0,5.787918451395113
la.speedtest.clouvider.net,1050,200.0,210.0,187.0,8.554969316134336
la.speedtest.clouvider.net,1060,202.0,207.0,197.0,4.322904116447646
la.speedtest.clouvider.net,1070,201.0,209.0,193.0,6.689544080129826
la.speedtest.clouvider.net,1080,201.0,206.0,195.0,5.049752469181039
la.speedtest.clouvider.net,1090,200.0,205.0,196.0,4.031128874149275
la.speedtest.clouvider.net,1100,206.0,210.0,203.0,2.7386127875258306
la.speedtest.clouvider.net,1110,200.0,209.0,195.0,6.015604707757983
la.speedtest.clouvider.net,1120,204.0,212.0,199.0,4.656984002549289
la.speedtest.clouvider.net,1130,207.0,211.0,205.0,2.48746859276655
la.speedtest.clouvider.net,1140,200.0,212.0,189.0,8.74642784226795
la.speedtest.clouvider.net,1150,208.0,211.0,205.0,2.384848003542364
la.speedtest.clouvider.net,1160,205.0,214.0,192.0,8.514693182963201
la.speedtest.clouvider.net,1170,211.0,215.0,206.0,3.391164991562634
la.speedtest.clouvider.net,1180,208.0,219.0,196.0,10.124228365658293
la.speedtest.clouvider.net,1190,203.0,209.0,198.0,4.14578098794425
la.speedtest.clouvider.net,1200,201.0,209.0,195.0,6.103277807866851
la.speedtest.clouvider.net,1210,206.0,209.0,202.0,2.5495097567963922
la.speedtest.clouvider.net,1220,199.0,209.0,194.0,6.139014578904337
la.speedtest.clouvider.net,1230,205.0,210.0,199.0,4.031128874149275
la.speedtest.clouvider.net,1240,202.0,211.0,197.0,6.015604707757983
la.speedtest.clouvider.net,1250,201.0,207.0,193.0,5.11737237261468
la.speedtest.clouvider.net,1260,204.0,206.0,201.0,2.0463381929681126
la.speedtest.clouvider.net,1270,207.0,210.0,205.0,1.8708286933869707
la.speedtest.clouvider.net,1280,206.0,209.0,205.0,1.5
la.speedtest.clouvider.net,1290,209.0,221.0,198.0,8.215838362577491
la.speedtest.clouvider.net,1300,205.0,211.0,198.0,4.710360920354193
la.speedtest.clouvider.net,1310,206.0,216.0,196.0,7.3824115301167
la.speedtest.clouvider.net,1320,201.0,216.0,189.0,11.497282287566918
la.speedtest.clouvider.net,1330,208.0,214.0,206.0,3.4641016151377544
la.speedtest.clouvider.net,1340,199.0,206.0,191.0,6.652067347825035
la.speedtest.clouvider.net,1350,204.0,211.0,195.0,6.977642868476432
la.speedtest.clouvider.net,1360,199.0,206.0,190.0,6.722164829874376
la.speedtest.clouvider.net,1370,204.0,207.0,198.0,3.5355339059327378
la.speedtest.clouvider.net,1380,201.0,210.0,193.0,6.800735254367722
la.speedtest.clouvider.net,1390,205.0,212.0,201.0,4.02336923485777
la.speedtest.clouvider.net,1400,199.0,206.0,189.0,7.314369419163897
la.speedtest.clouvider.net,1410,204.0,209.0,196.0,5.3091901453988255
la.speedtest.clouvider.net,1420,206.0,211.0,196.0,6.139014578904337
la.speedtest.clouvider.net,1430,199.0,216.0,189.0,9.959292143521045
la.speedtest.clouvider.net,1440,201.0,207.0,197.0,4.322904116447646
la.speedtest.clouvider.net,1450,195.0,199.0,191.0,3.570714214271425
la.speedtest.clouvider.net,1460,205.0,210.0,197.0,4.949747468305833
la.speedtest.clouvider.net,1470,199.0,206.0,192.0,5.722761571129799
nyc.speedtest.clouvider.net,10,123.0,128.0,116.0,4.5
nyc.speedtest.clouvider.net,20,111.0,115.0,109.0,2.6246692913372702
nyc.speedtest.clouvider.net,30,111.0,114.0,108.0,2.5495097567963922
nyc.speedtest.clouvider.net,40,110.0,112.0,108.0,1.5811388300841898
nyc.speedtest.clouvider.net,50,112.0,120.0,107.0,5.2141634036535525
nyc.speedtest.clouvider.net,60,110.0,114.0,105.0,3.6742346141747673
nyc.speedtest.clouvider.net,70,110.0,111.0,109.0,1.0
nyc.speedtest.clouvider.net,80,109.0,114.0,107.0,2.5860201081971503
nyc.speedtest.clouvider.net,90,113.0,118.0,111.0,2.947456530637899
nyc.speedtest.clouvider.net,100,112.0,120.0,109.0,4.548351349665063
nyc.speedtest.clouvider.net,110,110.0,112.0,108.0,1.4142135623730951
nyc.speedtest.clouvider.net,120,111.0,112.0,111.0,0.4330127018922193
nyc.speedtest.clouvider.net,130,111.0,118.0,108.0,3.960744879438715
nyc.speedtest.clouvider.net,140,108.0,112.0,107.0,2.0463381929681126
nyc.speedtest.clouvider.net,150,108.0,109.0,108.0,0.4330127018922193
nyc.speedtest.clouvider.net,160,112.0,117.0,108.0,3.24037034920393
nyc.speedtest.clouvider.net,170,110.0,113.0,108.0,1.8708286933869707
nyc.speedtest.clouvider.net,180,109.0,112.0,106.0,2.29128784747792
nyc.speedtest.clouvider.net,190,109.0,111.0,108.0,1.299038105676658
nyc.speedtest.clouvider.net,200,108.0,109.0,105.0,1.7320508075688772
nyc.speedtest.clouvider.net,210,111.0,120.0,107.0,5.244044240850758
nyc.speedtest.clouvider.net,220,112.0,116.0,109.0,3.2691742076555053
nyc.speedtest.clouvider.net,230,109.0,115.0,106.0,3.418698582794336
nyc.speedtest.clouvider.net,240,111.0,115.0,110.0,1.920286436967152
nyc.speedtest.clouvider.net,250,109.0,110.0,109.0,0.5
nyc.speedtest.clouvider.net,260,112.0,115.0,108.0,2.5495097567963922
nyc.speedtest.clouvider.net,270,114.0,119.0,110.0,3.491060010942235
nyc.speedtest.clouvider.net,280,109.0,111.0,108.0,1.224744871391589
nyc.speedtest.clouvider.net,290,109.0,111.0,109.0,0.82915619758885
nyc.speedtest.clouvider.net,300,109.0,111.0,107.0,1.5811388300841898
nyc.speedtest.clouvider.net,310,109.0,112.0,108.0,1.6393596310755
nyc.speedtest.clouvider.net,320,109.0,111.0,109.0,0.8660254037844386
nyc.speedtest.clouvider.net,330,110.0,112.0,110.0,0.8660254037844386
nyc.speedtest.clouvider.net,340,112.0,115.0,109.0,2.165063509461097
nyc.speedtest.clouvider.net,350,109.0,112.0,108.0,1.5
nyc.speedtest.clouvider.net,360,109.0,110.0,108.0,0.82915619758885
nyc.speedtest.clouvider.net,370,109.0,112.0,107.0,1.920286436967152
nyc.speedtest.clouvider.net,380,110.0,111.0,109.0,1.0
nyc.speedtest.clouvider.net,390,109.0,112.0,107.0,1.8708286933869707
nyc.speedtest.clouvider.net,400,112.0,120.0,109.0,4.548351349665063
nyc.speedtest.clouvider.net,410,108.0,109.0,107.0,0.82915619758885
nyc.speedtest.clouvider.net,420,109.0,110.0,109.0,0.4330127018922193
nyc.speedtest.clouvider.net,430,109.0,112.0,108.0,1.479019945774904
nyc.speedtest.clouvider.net,440,109.0,111.0,108.0,1.118033988749895
nyc.speedtest.clouvider.net,450,110.0,112.0,109.0,1.5
nyc.speedtest.clouvider.net,460,109.0,111.0,108.0,1.118033988749895
nyc.speedtest.clouvider.net,470,112.0,123.0,108.0,6.139014578904337
nyc.speedtest.clouvider.net,480,111.0,118.0,108.0,3.960744879438715
nyc.speedtest.clouvider.net,490,113.0,128.0,108.0,8.381527307120106
nyc.speedtest.clouvider.net,500,110.0,113.0,108.0,1.8708286933869707
nyc.speedtest.clouvider.net,510,111.0,117.0,108.0,3.5
nyc.speedtest.clouvider.net,520,113.0,122.0,108.0,5.261891294962297
nyc.speedtest.clouvider.net,530,108.0,110.0,107.0,1.118033988749895
nyc.speedtest.clouvider.net,540,112.0,123.0,107.0,6.53356717268599
nyc.speedtest.clouvider.net,550,109.0,112.0,107.0,2.277608394786075
nyc.speedtest.clouvider.net,560,116.0,125.0,109.0,5.931905258852336
nyc.speedtest.clouvider.net,570,114.0,118.0,109.0,4.06201920231798
nyc.speedtest.clouvider.net,580,115.0,122.0,109.0,6.2599920127744575
nyc.speedtest.clouvider.net,590,112.0,123.0,108.0,6.103277807866851
nyc.speedtest.clouvider.net,600,115.0,122.0,109.0,5.402545696243577
nyc.speedtest.clouvider.net,610,110.0,113.0,108.0,1.7853571071357126
nyc.speedtest.clouvider.net,620,108.0,110.0,105.0,1.920286436967152
nyc.speedtest.clouvider.net,630,110.0,113.0,108.0,1.8708286933869707
nyc.speedtest.clouvider.net,640,114.0,122.0,107.0,5.3091901453988255
nyc.speedtest.clouvider.net,650,109.0,112.0,108.0,1.479019945774904
nyc.speedtest.clouvider.net,660,111.0,114.0,110.0,1.6583123951777
nyc.speedtest.clouvider.net,670,112.0,121.0,108.0,5.3091901453988255
nyc.speedtest.clouvider.net,680,112.0,118.0,108.0,4.763139720814412
nyc.speedtest.clouvider.net,690,109.0,110.0,108.0,0.7071067811865476
nyc.speedtest.clouvider.net,700,109.0,110.0,108.0,0.7071067811865476
nyc.speedtest.clouvider.net,710,109.0,112.0,108.0,1.479019945774904
nyc.speedtest.clouvider.net,720,108.0,111.0,107.0,1.6393596310755
nyc.speedtest.clouvider.net,730,108.0,112.0,107.0,1.920286436967152
nyc.speedtest.clouvider.net,740,108.0,111.0,107.0,1.479019945774904
nyc.speedtest.clouvider.net,750,111.0,119.0,106.0,4.847679857416329
nyc.speedtest.clouvider.net,760,110.0,119.0,107.0,4.924428900898052
nyc.speedtest.clouvider.net,770,114.0,118.0,110.0,3.5355339059327378
nyc.speedtest.clouvider.net,780,111.0,119.0,108.0,4.493050188902857
nyc.speedtest.clouvider.net,790,108.0,110.0,107.0,1.118033988749895
nyc.speedtest.clouvider.net,800,110.0,119.0,105.0,5.261891294962297
nyc.speedtest.clouvider.net,810,108.0,109.0,107.0,1.0
nyc.speedtest.clouvider.net,820,111.0,119.0,108.0,4.387482193696061
nyc.speedtest.clouvider.net,830,110.0,112.0,108.0,1.5811388300841898
nyc.speedtest.clouvider.net,840,116.0,124.0,109.0,7.035623639735144
nyc.speedtest.clouvider.net,850,112.0,120.0,108.0,4.710360920354193
nyc.speedtest.clouvider.net,860,111.0,119.0,108.0,4.493050188902857
nyc.speedtest.clouvider.net,870,111.0,120.0,108.0,4.815340071064556
nyc.speedtest.clouvider.net,880,117.0,119.0,114.0,2.0615528128088303
nyc.speedtest.clouvider.net,890,112.0,120.0,109.0,4.636809247747852
nyc.speedtest.clouvider.net,900,108.0,108.0,108.0,0.0
nyc.speedtest.clouvider.net,910,111.0,120.0,107.0,5.244044240850758
nyc.speedtest.clouvider.net,920,107.0,109.0,105.0,1.5
nyc.speedtest.clouvider.net,930,113.0,120.0,109.0,4.301162633521313
nyc.speedtest.clouvider.net,940,118.0,125.0,108.0,6.442049363362563
nyc.speedtest.clouvider.net,950,122.0,139.0,113.0,10.04987562112089
nyc.speedtest.clouvider.net,960,112.0,122.0,108.0,5.787918451395113
nyc.speedtest.clouvider.net,970,112.0,120.0,109.0,4.548351349665063
nyc.speedtest.clouvider.net,980,122.0,131.0,118.0,5.123475382979799
nyc.speedtest.clouvider.net,990,129.0,132.0,126.0,2.277608394786075
nyc.speedtest.clouvider.net,1000,124.0,134.0,119.0,5.937171043518958
nyc.speedtest.clouvider.net,1010,124.0,132.0,121.0,4.493050188902857
nyc.speedtest.clouvider.net,1020,119.0,133.0,109.0,9.604686356149273
nyc.speedtest.clouvider.net,1030,127.0,134.0,114.0,7.980444849756184
nyc.speedtest.clouvider.net,1040,125.0,130.0,120.0,3.5355339059327378
nyc.speedtest.clouvider.net,1050,123.0,129.0,116.0,5.448623679425842
nyc.speedtest.clouvider.net,1060,124.0,128.0,118.0,3.840572873934304
nyc.speedtest.clouvider.net,1070,118.0,130.0,109.0,7.495832175282475
nyc.speedtest.clouvider.net,1080,125.0,129.0,124.0,2.165063509461097
nyc.speedtest.clouvider.net,1090,120.0,129.0,107.0,8.514693182963201
nyc.speedtest.clouvider.net,1100,123.0,132.0,109.0,8.674675786448736
nyc.speedtest.clouvider.net,1110,121.0,129.0,110.0,7.433034373659253
nyc.speedtest.clouvider.net,1120,124.0,128.0,118.0,4.14578098794425
nyc.speedtest.clouvider.net,1130,128.0,132.0,123.0,3.391164991562634
nyc.speedtest.clouvider.net,1140,124.0,128.0,121.0,3.0413812651491097
nyc.speedtest.clouvider.net,1150,125.0,127.0,124.0,1.0897247358851685
nyc.speedtest.clouvider.net,1160,120.0,131.0,107.0,9.604686356149273
nyc.speedtest.clouvider.net,1170,126.0,130.0,124.0,2.48746859276655
nyc.speedtest.clouvider.net,1180,128.0,132.0,124.0,2.8613807855648994
nyc.speedtest.clouvider.net,1190,122.0,128.0,119.0,3.6742346141747673
nyc.speedtest.clouvider.net,1200,129.0,142.0,121.0,8.13557004763649
nyc.speedtest.clouvider.net,1210,131.0,137.0,124.0,4.968651728587948
nyc.speedtest.clouvider.net,1220,128.0,134.0,124.0,3.6996621467371855
nyc.speedtest.clouvider.net,1230,127.0,128.0,126.0,1.0
nyc.speedtest.clouvider.net,1240,124.0,128.0,122.0,2.277608394786075
nyc.speedtest.clouvider.net,1250,124.0,134.0,117.0,6.103277807866851
nyc.speedtest.clouvider.net,1260,124.0,128.0,121.0,2.8613807855648994
nyc.speedtest.clouvider.net,1270,126.0,137.0,117.0,7.44983221287567
nyc.speedtest.clouvider.net,1280,122.0,133.0,115.0,7.562241731127087
nyc.speedtest.clouvider.net,1290,125.0,128.0,120.0,3.112474899497183
nyc.speedtest.clouvider.net,1300,128.0,136.0,121.0,5.315072906367325
nyc.speedtest.clouvider.net,1310,127.0,131.0,123.0,2.8613807855648994
nyc.speedtest.clouvider.net,1320,126.0,132.0,116.0,6.098155458825234
nyc.speedtest.clouvider.net,1330,123.0,131.0,118.0,4.866980583482946
nyc.speedtest.clouvider.net,1340,125.0,128.0,118.0,4.330127018922194
nyc.speedtest.clouvider.net,1350,122.0,132.0,117.0,5.937171043518958
nyc.speedtest.clouvider.net,1360,125.0,130.0,123.0,2.692582403567252
nyc.speedtest.clouvider.net,1370,122.0,127.0,118.0,4.264680527307995
nyc.speedtest.clouvider.net,1380,124.0,129.0,119.0,4.123105625617661
nyc.speedtest.clouvider.net,1390,132.0,135.0,129.0,2.179449471770337
nyc.speedtest.clouvider.net,1400,121.0,130.0,118.0,4.924428900898052
nyc.speedtest.clouvider.net,1410,125.0,135.0,118.0,6.87386354243376
nyc.speedtest.clouvider.net,1420,130.0,139.0,122.0,6.041522986797286
nyc.speedtest.clouvider.net,1430,124.0,134.0,119.0,6.18465843842649
nyc.speedtest.clouvider.net,1440,122.0,131.0,117.0,5.2141634036535525
nyc.speedtest.clouvider.net,1450,120.0,130.0,109.0,8.642193008721803
nyc.speedtest.clouvider.net,1460,124.0,126.0,122.0,1.4142135623730951
nyc.speedtest.clouvider.net,1470,123.0,139.0,109.0,10.988630487917955
